STK_CD,CMP_NM,TRD_DT,ADJ_PRC,PREV_ADJ_PRC,ADJ_HIGH_PRC,PRC_CHG,HIGH_PRC_CHG,RPT_ID,RPT_TXT,RPT_TXT_LEN
461030,아이엠비디엑스,2024-07-16,11880,9990,12390,0.189189189,0.24024024,952018,"<b>아이엠비디엑스 (461030/KQ) </b><b>글로벌 빅파마가 선택한 국내 암 진단업체 </b>액체생검(혈액) 기반의 암 진단 업체 아이엠비디엑스는 14 년부터 시작된 서울대병원 암 액체생검 연구 프로젝트에서 스핀오프하여 목표주가: - → 18 년 설립 → 24 년 코스닥 시장에 상장한 혈액 기반의 암 진단업체이다. 동사는 소량의 혈현재주가: 15,310 원 액(약 10mL) 내 부유하는 ctDNA 를 검출/분석하여 암 치료 전 주기에 대한 진단 서비스를 제공한다. 주요 진단 분야는 ▶정상인 대상 암 조기 검진 (스크리닝) ▶진행암에 대한 정밀진단/체료제 매칭 (프로파일링) ▶암 수술 후 미세잔존암 탐지(재발 모니터링)이다. 동사는 현재 국내, 유럽, 남미, 동남아 등 글로벌 23 개국에서 사업을 영위중이며 국내에서는 액체생검 상장사 중 유일하게 실제 의료현장에서 처방 매출을 발생시키고 있고(건강보험 적용), 해외에서는 AstraZeneca, Merck, TSH Biopharm 등 글로벌 빅파마/바이오테크와 협업중이다. 지금 아이엠비디엑스에 주목할만한 이유는 금리인하 기대감에 따른 제약/바이오 업종에 대한 투자심리 개선이 예상되는 상황에서, 2H24 부터 동사의 다양한 성장 모멘텀이 가시화될 전망이기 때문이다. 주요 포인트는 ①적용암종 확대 ②신시장 진출 ③신규 고객사 확보 등이다. 잠재 시장규모 및 실적 기여 중요도: ①스크리닝 ②재발 모니터링 ③프로파일링 I. 스크리닝: 23 년 11 월 출시한 ‘캔서파인드’ 제품을 통해 약 100 조원 규모의 글로벌 액체생검 기반 암 조기진단 시장 침투를 시작할 전망이다. 캔서파인드는 한번의 혈액 검사를 통해 8 개 암종(대장, 위, 간, 췌장, 폐, 유방, 난소, 전립선)을 동시에 검사할 수 있는 다중암 조기진단 플랫폼이다. 임상데이터와 논문, FDA 승인 없이 피 한방울로 수백가지의 질병을 진단할 수 있다sunjae.heo@sks.co.kr 고 주장하며 10 조원 이상의 평가를 받은 ‘테라노스’ 사건으로 액체생검 투자 심리가 바닥을 친 15 년 이후 최근에는 가던트헬스, 그레일 등 글로벌 업체들이 FDA 인증을 대거 확보하며 시장 신뢰도가 빠르게 개선되고 있다. 동사는 액체생검 시장의 Fast Follower 로서 임상결과/논문, 국가 암 정복 과제 등록, 질병관리청 승인 등을 확보하며 기술에 대한 충분한 신뢰성을 확보한 바 있다. 1Q24 기준 국내 10 개 상급종합병원에서 상용화되었으며 올해는 ①적용 암종 확대 (8 종→20 종) ②비용구조 개선을 통한 가격 인하 (100 만원→30 만원) ③해외진출 (유럽, 일본, 동남아, 중동 등)전략이 시작되는 원년이 될 예정이다. 대표적인 국내외 선도업체(시총)는 Grail (20 년 인수금액 10 조원), Exact Sciences (12.5 조원), 지노믹트리 (5 천억원) 등이다. II. 재발 모니터링: 동사는 국내 유일의 암 재발탐지 플랫폼인 ‘캔서디텍트’를 통해 미충족 의료수요가 큰 암 재발 모니터링/항암 시장 침투를 시작할 예정이다. 암 재발 확률이 30% 수준으로 높은 상황에서 캔서디텍트는 맞춤형 유전자 패널 검사를 통해 ①검사주기가 길고 ②육안 확인이 어려운 기존 영상검사의 한계점을 효과적으로 보완할 수 있을 것으로 보인다 (영상검사 대비 정확도 8 배 개선). 아직까지는 연구 과제 중심으로 활용되고 있지만 동사는 3Q24 신의료기술 평가 접수를 통해 본격적인 제품 상용화 작업을 시작할 예정이다. 암 재발 탐지 시장의 선도 업체는 미국 나스닥에 상장한 Natera (시총 17 조원)이다. III. 프로파일링: 동사의 캐시카우 사업 부문으로 주요 제품은 ①모든 종류의 암 진행을 정밀 진단할 수 있는 알파리퀴드 100 과 ②표적치료제 동반진단용 제품인 알파리퀴드 HRR 로 구분된다. 향후 주목할만한 성장 포인트는 ①기존 고객사인 AstraZeneca 내 적용 암종 확대 (전립선암 치료제 ‘린파자’ 1 종→30 종) ②기타 글로벌 신규 고객사 확보 등이다. 프로파일링 시장의 선도 업체는 Guardant Health (시총 5.5 조원)이다. ",2016
267260,HD현대일렉트릭,2024-07-23,346000,294000,364000,0.176870748,0.238095238,952016,"<b>Buy (유지) </b><b>HD현대일렉트릭 (267260)</b><b>COMPANY REPORT </b><b>2Q24 Super Surprise. 상당부분 구조적 호조 </b>2Q24 연결영업실적은 매출 2,100 억원(yoy +257%, qoq +63%)으로서 매출, 영업이익 모두 yoy, qoq 모두 폭발적 호조세를 시현하며 당사 및 시장 컨센서스 전망치를 대폭 초과하는 Super Surprise 였다. 매출도 컨센서스를 상당수준 초과했지만 특히 영업이익이 컨센서스를 대폭 초과하는 수익성 Surprise 였다. <b>2Q24 Surprise, 상당부분 구조적. 3Q24 이후 전망치 상향 요인 </b>2Q24 Surprise 는 상당부분 구조적 호조란 점이 중요하다. 2Q24 매출 부문 중 특히 해외 종속법인 매출의 폭발적 대호조가 눈에 띄는데 이는 종속법인 매출 중 압도적 비중을 차지하는 미국법인 매출 대호조가 핵심 요인이다. 수익성이 가장 높은 지역인 북미 매출 비중이 34.6%로서 qoq 6.8%P 급상승한 점이 수익성 Surprise의 핵심요인이었으며 두번째로 수익성이 높은 중동 매출 비중도 22.4%로서 qoq 1.1%P 상승한 점도 수익성 서프라이즈의 원인이었다. 2Q24 는 전력기기, 배전기기, 회전기기 등 모든 부문이 호조였는데 전력기기의 경우 북미 초고압 변압기 대호조는 업황 초호황(쇼티지)에 따른 것이라 구조적 호조인 반면, 북미 패드변압기 호조 및 중동 고압차단기 호조는 3Q24 이후엔 다소의 변동성은 감안해야 한다. (중동도 원래는 변압기가 메인이나 2Q24 호조는 고압차단기가 견인) 배전기기 호조는 중동 일반 배전반 호조, 유럽 선박용 배전반 호조 등에 따른 것인데 3Q24 이후는 모두 다소의 변동성은 감안해야 한다. 회전기기 호조도 북미시장 친환경 수요에 따른 호조, 유럽향 중심 선박용 회전기기 호조 등에 따른 것인데 3Q24 이후는 다소의 변동성은 감안해야 한다. 전력기기는 매출 변동성이 작고 안정적 성장 추이를 보이는 특성이 있어 환율변동이 크지 않다면 2Q24 의 고수익성이 대체로 유지될 것으로 보이는 반면, 회전기기 및 배전기기는 분기별 매출 변동성이 다소 큰 특성이 있어 3Q24 이후에는 2Q24 매출 및 수익성 호조 대비 다소의 변동성이 있을 수 있다. 그러나, 2Q24 Surprise 는 근본적으론 일회성은 아니며 회전기기/배전기기 및 전력기기 중 패드변압기 등의 매출 변동성에 대한 가능성을 감안하더라도 상당부분은 구조적 호조였으며 이는 3Q24 이후 전망치 상향요인으로서 충분한 유의성을 가진다고 판단한다. <b>실적 전망치 상향으로 목표주가 상향 </b>2Q24 Super Surprise 가 상당수준 구조적 Surprise 임에 따라 3Q24 이후 전망치도 상당수준 상향했다. 올해 분기별 실적은 2Q24 가 Peak 일 가능성이 크며 3Q24 는 2Q24 대비로는 상당수준 Normalize된 후 4Q24는 다시 반등하는 그림이 될 것으로 예상한다. 3Q24, 4Q24 실적은 2Q24 보다는 하향 안정화되나 모두 종전 전망치는 상당수준 초과할 것으로 예상한다는 점이 중요하다. 실적 전망치 상향에 따라 목표주가는 41 만원에서 45 만원으로 10% 상향하며 투자의견은 Buy 를 유지한다. 물론 밸류에이션 또한 Global Peer 대비 펀드멘털 포지션 대폭 우위(성장성, 수익성 대폭 우위) 감안 시 적용 Multiple도 대폭 할증이 합당하다는 점에서 아직도 Room이 충분한 상황이라 판단한다. <b>2Q24 영업실적 Review </b><b>실적 전망 </b><b>수주 동향 & 추이 </b><b>Valuation </b><b>HD현대일렉트릭 펀드멘털 지표, Peer 대비 대폭 우위 </b>HD현대일렉트릭 현재가 PER, Peer 대비 소폭 할인 상황 → 목표가 PER, Peer 대비 다소 할증 수준 적용 ▷ 현재주가 PER는 25E 지배주주 EPS 대비 0.4% 할인 상황 → 목표주가 산정 시 적용 PER는 25E 지배주주 EPS 대비 18.5% 할증 수준 적용 → 펀드멘털 지표 대폭 우위라 상당수준 PER 할증 합당함에도 다소의 할증 수준만 적용 <b>HD 현대일렉트릭 (267260) </b>",2072
416180,신성에스티,2024-07-10,43700,40750,50100,0.072392638,0.229447853,951990,"<b>신성에스티 (416180/KQ) </b><b>새로운 성장 동력 될 ESS </b>상장 이후 공모가 상회하는 주가 수준 유지 중 신성에스티는 금속 프레스 가공 기술을 바탕으로 이차전지 회로 부품과 모듈케이스, 자목표주가: - 동차 및 IT 부품 등을 생산하는 업체다. 2013 년 국내 이차전지 셀 업체의 협력업체로 현재주가: 35,900 원 공식 등록되면서 전기차 및 ESS 에 적용되는 핵심 부품 등을 생산하고 있다. 휴대폰 내장재, 내연기관차 열관리 부품, 전기차 카메라 모듈 부품 등도 납품하지만, 현재는 이차전지 부스바(Busbar)와 모듈 케이스 등의 매출 비중이 훨씬 크다. 지난해 10 월 신규 상장했으며, 현재 주가 35,450 원은 공모가 26,000 원 대비 약 36% 상승한 수준이다. 최근 1 년 내 신규 상장한 기업들의 상장 이후 주가 흐름이 부진하다는 점을 감안한다면, 그만큼 성장성을 인정받고 있는 기업이라고 할 수 있다. 크게 증가한 수주 잔고, ESS 완제품 시장 진출 지난해 연말 대비 올해 상반기 수주 잔고가 크게 증가했다는 점에 주목한다. 상반기 누적 기준 실적은 예년과 비슷한 수준이 될 것으로 예상되지만, 수주잔고가 크게 증가함에 따라 향후 실적 성장성에 대한 기대감을 갖기 충분하다. 수주 내용은 더욱 좋다. 향후 폭발적인 성장률을 보일 것으로 기대되는 컨테이너형 ESS 완제품 제작과 관련된 부분으로 파악되기 때문이다. 글로벌 ESS 시장의 성장 가능성에는 큰 이견이 없다. 현nsdoo@sks.co.kr 재 글로벌 ESS 시장은 7 피트 내외 크기의 모델이 성장을 주도하고 있지만, 점차 중대형 ESS 의 수요가 확대되는 중이다. 20 피트 내외의 중형 ESS 를 비롯, 40 피트 내외의 배전용 일체형 ESS 에 대한 수요도 기대된다. 이번 수주는 신성에스티가 글로벌 이차전지 셀 제조사와 함께 중대형 ESS 시장에 본격적으로 발을 딛는다는 점, 북미를 중심으로 한 현지 시장에 본격적인 진출을 한다는 점에 큰 의미가 있다. 생산 제품 고도화, 신규 고객사 확보도 가능할 것 전기차에 탑재될 것으로 기대되는 전장 부품, 이차전지 열관리 부품 등 생산 제품이 고도화되는 점도 고무적이다. 컨테이너형 ESS 는 이러한 기술들의 집약체가 될 것으로 보인다. 특히 ESS 나 전기차 모두 이차전지 열관리에 대한 중요성은 지속적으로 커지는 중이기에 글로벌 ESS 및 완성차 업체들을 신규 고객사로 확보할 가능성도 높다. ",1210
450140,코오롱모빌리티그룹,2024-07-12,2865,2845,3355,0.007029877,0.179261863,951998,"<b>코오롱모빌리티그룹 (450140/KS) </b><b>인증 중고차 약진과 프리미엄 브랜드 효과 </b>목표주가: - 현재주가: 2,800 원 상승여력: - nsdoo@sks.co.kr 유명 브랜드 수입차 판매 전문 기업 코오롱모빌리티그룹은 지난해 1 월 코오롱글로벌의 자동차 부분이 인적분할하여 설립된 이후 신규 상장한 기업이다. 수입차 신차 및 인증 중고차 판매, A/S, 프리미엄 오디오 판매 사업 등을 영위한다. BMW, MINI, Volvo, Audi 등 유명 수입차 브랜드를 담당하며, 롤스로이스 및 LOTUS 등 프리미엄급 수입차의 국내 유통도 담당하고 있다. 코로나 19 팬데믹을 기점으로 개인 이동수단 필요성 증가, 보복 소비, 자동차 취득세 감면 등의 효과가 나타나면서 국내 수입차 시장은 지속적으로 외형을 키워왔다. 지난해에는 BMW 가 부동의 1 위 Mercedes-Benz 를 제치고 국내 수입차 신차 판매량 1 위를 탈환하기도 했다. 하지만 올해에 접어들면서 보복 소비 감소, 법인차 녹색 번호판 도입, 취득세 감면 종료 등의 영향으로 수입차 시장이 다소 주춤한 것이 사실이다. 하지만 코오롱모빌리티그룹은 인증 중고차 및 프리미엄 브랜드 확대를 통해 기초체력을 유지할 수 있을 것으로 예상된다. 합리적 소비는 중고차에 집중된다 인증 중고차 시장의 성장은 매우 고무적이다. 2022 년 대비 2023 년 연간 중고차 판매는 YoY +8.3% 증가한데 비해 올해 1 분기 중고차 판매는 YoY +25.2% 급증했다. 이는 합리적 소비를 추구하는 소비자들이 증가했기 때문으로 해석된다. 이에 발맞춰 코오롱모빌리티그룹은 중고차 프리미엄 서비스 브랜드 '702'를 론칭하였다. 품질이 보장된 수입 중고차를 선택할 수 있을 뿐만 아니라 신차와 동일한 수준의 순정 보증 서비스를 제공하는 것이 목표다. 이를 바탕으로 올해는 연간 인증 중고차 판매량 최고치 경신이 가능할 것으로 예상된다. PBR 1 배 미만, 부담 없는 주가 수준 하이엔드급 프리미엄 브랜드 롤스로이스에 이어 올해 하반기에는 LOTUS 차량 매출이 더해질 전망이다. 내년까지 순수 전기차를 비롯한 다양한 모델의 국내 도입이 예정되어 있기에 새로운 외형 성장 동력이 될 것으로 판단된다. BMW 브랜드의 약진과 인증 중고차 시장 성장, 프리미엄 브랜드 확대까지 감안한다면 PBR 1 배 미만 수준으로 조정 받은 현재 주가는 부담 없는 수준으로 판단된다. ",1193
34020,두산에너빌리티,2024-07-18,21000,21250,25000,-0.011764706,0.176470588,952053,"<b>두산에너빌리티</b><b>선택과 집중</b><b>1962년에 설립한 발전설비 제작 전문 기업</b>◼ 1962년 현대양행으로 설립. 1980년 한국중공업으로 사명 변경. 2022년 3월에는 두산중공업에서두산에너빌리티로 다시 사명 변경◼ 주조/단조부터 원자력, 화력 등의 발전설비, 해수담수화 플랜트, 화공플랜트, 신재생 기자재 등을 제작하여플랜트 시장에 공급. 2021년 두산인프라코어를 매각해 재무구조 개선<b>글로벌 무탄소에너지 확대 흐름에 맞춰 친환경 성장사업 비중 확대 계획</b>◼ 2018년 2조원(신규 수주의 43.5%)이었던 석탄 관련 수주는 2023년 0.1조원으로 감소◼ 국내외 대형원전 수출로 인해 원자력 수주는 2028년 4.8조원까지 확대될 전망◼ 글로벌 저탄소 기반의 에너지 전환 정책으로 Bridge 역할을 수행할 수 있는 LNG 발전 시장의 지속적인 성장 전망. 이와 함께 두산에너빌리티의 가스/수소 수주는 2028년 3조원을 돌파할 것으로 보임<b>우리나라 대표 원자력 발전소 주기기 제작 및 공급 업체</b>◼ 한국수력원자력(발전사업자), 한전기술(종합설계), 한전원자력연료(핵연료 공급) 등과 함께 국내 원전 산업 성장을견인하고 있음. 1987년부터 국내 유일 원자로 핵심설비 제작기업으로서 한빛 3,4호기 건설에 참여◼ 22년 11월 한수원과 1.6조원 규모의 이집트 엘다바 원전 2차측 건설공사 수주◼ 23년 3월 한수원과 2.9조원 규모의 신한울 3,4 호기 주기기 공급계약 체결. 12월에는 1조원 규모의 주설비 공사 수주◼ 24년 7월 한수원이 체코 신규원전 건설 사업 우선협상대상자로 선정. 두산에너빌리티는 주기기 및 시공 담당 예정<b>두산로보틱스와의 인적분할합병, 포괄적 주식교환 결정</b>◼ 두산에너빌리티를 존속법인과 신설법인으로 인적분할 후, 신설법인을 두산로보틱스에 합병, 이후 포괄적 주식교환을 통해 두산밥캣은 두산로보틱스의 100% 자회사가 됨. '클린 에너지‘,'반도체 및 첨단소재' 등 3대 부문으로 사업구조와 지배구조 개편◼ 두산에너빌리티/두산퓨얼셀은 원전 및 SMR, 가스·수소터빈, 해상풍력, 수소 및 암모니아, 리사이클링 등 친환경에너지 사업 등의 ‘클린 에너지‘ 부문을 담당<b>두산에너빌리티는 원자력/가스터빈 등 성장동력 확보 통해 독자 사업 경쟁력 기반 마련</b>◼ 그룹 중간지주 역할에서 벗어나 본연의 에너지 사업에 집중하는 체제 마련이 목표◼ 지배구조 개편으로 재무건전성(순차입금 1.2조원 감소, 연간 금융비용 660억원 감소) 제고 효과 예상◼ 중기 사업 포트폴리오 개편 [1)원자력(대형원전/SMR) 설비 및 기술투자, 2) 가스터빈/가스터빈 서비스 사업 확대] 효과 기대<b>Valuation</b>877.3<b>두산에너빌리티 부문 매출액 28년에 약 9조원 수준까지 확대 전망</b>◼ 25년부터 대형원전 및 가스터빈에서 연평균 10조원 규모의 수주 달성이 가능할 전망◼ 원전에서 국내외 수주 지속 전망. SMR은 선제적 사업 준비로 NuScale과 X-Energy社향 주기기 공급 가능성 높음◼ 글로벌 5번째로 가스터빈 개발에 성공. 23년 6월을 시작으로 약 1년만에 가스터빈 관련 제작 및 서비스 누적수주금액 1조원 돌파. 주기적인 부품 교체를 통해 장기 고수익이 기대되는 가스터빈 서비스 부문 매출 증가 예상◼ 24년 11월 변경 상장이 완료되면 두산밥캣의 실적은 연결에서 제외<b>2024년은 실적 측면에서 잠시 쉬어가는 한 해</b>◼ 23년의 역기저효과가 실적 감소의 주된 요인. 23년이 기존 계획 대비 실적을 초과달성한 해였기 때문에24년 외형 및 이익 감소는 펀더멘털 측면에서 크게 우려할 사항은 아님◼ 24년 1분기 말 신규수주는 6,336억원(-85.3% YoY), 수주잔고는 14.9조원(-14.2% YoY). ◼ 24년 연간 수주목표 6.3조원. 우선협상대상자 선정 등 수주 가시성이 높은 프로젝트들을 기반으로 전망한 수주목표◼ 24년 잔여 수주 전망: 원자력 0.4조원, 가스/수소 3.7조원, 신재생 0.3조원, 기타(해외자회사, 토목/건축 등) 1.2조원",2004
443060,HD현대마린솔루션,2024-07-17,136400,122300,140300,0.11529027,0.147179068,952221,"<b>Issue Comment </b><b>HD 현대마린솔루션 443060 </b><b>2Q Review 영업이익 컨센서스 상회 </b><b>영업이익 컨센서스를 16.9% 상회 </b>2분기 매출액 4,379억원(+20.2% YoY, +14.3% QoQ), 영업이익 710억원(+29.6% YoY, +37.9% QoQ), 영업이익률 16.2%(+1.2%p YoY, +2.8%p QoQ)를 기록함. 영업이익 컨센서스 대비 16.9% 상회하는 실적을 기록함. 세전이익은 769억원(+39.6% YoY, +36.6% QoQ), 당기순이익은 567억원(+37.8% YoY, +27.9% QoQ)을 기록함 <b>전 사업 부문의 성장을 기록한 2분기 </b>AM솔루션 사업부의 경우 매출액 3,838억원(+28.5% YoY, +14.5% QoQ)을 기록함. 대형 선박 엔진 및 기자재 매출이 증가했으며, 전력 수급 불균형에 따른 육상 발전 엔진 부품 수요가 증가함 친환경솔루션 사업부의 경우 매출액 346억원(-31.1% YoY, +14.2% QoQ), 디지털솔루션 사업부의 경우 매출액 195억원(+25.0% YoY, +12.1% QoQ)을 기록함. 수익성의 경우 핵심사업부의 영업이익률이 +27% 수준까지 개선된 2분기. 통상적인 +24% 수준의 수익성에서 추가적인 개선을 확인함. 1) 인플레이션을 상회하는 수준의 단가를 정기적으로 반영할 수 있는 경쟁력, 2) 일회성이지만 수익성 높은 육상발전엔진용 부품 수요가 증가한 효과 <b>전일 발표한 배당은 주주환원정책에 대한 회사의 의지를 내포 </b>전일 발표한 중간 배당은 주당 450원, 배당금 총액 200억원이었으며 시가배당율 0.3% 수준이었음. 실적 설명회에서 연말 정기 배당과 50~70% 수준의 배당 성향 정책을 재강조함. 추가로 2025년부터 분기 배당에 대해서도 검토할 의지를 밝힘 <b>2Q24 Conference Call Q&A </b><b> 일회성 비용 설명은? </b>◼ 1회성 비용으로 특별히 인식을 한 항목은 없음 <b> LTSA 수주잔고 흐름이 어떤지? </b> ◼ LTSA(장기유지보수계약)는 3년 전부터 시작을 해서 2023년말 기준으로 약 1.6억달러 가량 잔고를 확보. LTSA 추가 수주를 기대. 2024년말 예상 잔고는 2023년보다 성장할 전망 <b> 육상발전엔진 부품 매출이 AM 사업부문에서의 대략적인 비중은? 디지털 솔루션에 대한 추가 설명은? </b> ◼ AM 전체 3,830억원 중 육상발전은 280억원 가량(10% 미만) ◼ 디지털 솔루션 프로덕트 믹스의 경우 제어제품, 하이코닉스, 아코닉스, 샤프트 제너레이터 등이 2024년부터 매출이 발생 중 ◼ 디지털 관련 서비스 매출도 있음. 하이코닉스가 제일 고마진 제품인데, 신조 인도가 늘어나게 되면서 하이코닉스 비중이 과거에 비해 증가하고 있음 <b> 최근 있었던 배당공시 및 추후 배당계획에 대한 설명은? </b> ◼ 중간배당 1회로 이해하면 됨. 배당성향 50-70%의 정책을 달성하기 위해 연말 정기배당을 하면서 맞출 예정. 중간배당을 하는 이유는 상장시점에 거래소와의 협의를 통해 과거 3년 수준의 배당 트렌드를 유지하기로 했기 때문. ◼ 하반기 기업가치 제고 계획에 따라 내년부터는 분기배당 여부에 대해서 검토할 예정. <b> 계절성이나 분기별 이익의 특성에 대한 설명은? </b> ◼ AM사업은 일부 특성이 있기는 함. 통상적으로 4분기에 매출액이 증가. 6~8월 등 2~3분기에는 휴가가 일부 겹치기 때문에 매출액 감소 가능성이 있음. <b> 2분기 영업이익률이 증가한 이유는? </b> ◼ 2분기에 영업이익률이 상승한 요인은 핵심 사업부문의 2분기 수익성이 +27%정도로 개선됨. 통상 24% 수준보다 높게 확인. 육상 발전향 매출 비중이 늘어나고 엔진관련 이익이 증가하면서 결국 AM사업 부문에 이익기여도가 개선됨  ◼ 20억원 정도 비용으로 처리되었음. 3분기에 반영될 비용은 없는 상황 ◼ 물가 상승률을 상회하는 수준으로 부품가격에 정기적 반영 중. ◼ 고부가인 DF 엔진 부품이 늘어나고 있기에, HD현대마린솔루션이 팔고 있는 가격의 인상 효과는 지속될 예정. <b>그룹차원에서의 STX중공업 인수가 당사 AM솔루션 사업부 매출 증대에 어떻게 영향을 줄 수 있을지? </b>◼ STX중공업이랑 AM사업을 같이 하고 있기 때문에 여러가지 시너지 효과를 기대하고 있음. 1) 글로벌 네트워크를 바탕으로, 판매채널 부분에서 클라이언트를 공유하면서 영업을 더욱 활성화. 2) Supply Chain 같기 때문에 STX중공업의 대형엔진부분과 HD현대중공업의 대형엔진 부품조달 경쟁력을 확보. 양사가 시너지를 낼 수 있는 부분에 대해서 7월말부터 검토를 시작할 예정. STX중공업의 AM사업부과 HD현대마린솔루션의 시너지를 일으킬 수 있는 방향으로 사업재편 등을 장기적으로 검토할 예정. 양사 주주에게 이익이 되는 방향으로 고려할 예정 <b>각 사업부문별 이익률을 설명은? </b>◼ 부문별 수익성에 대해서는 공시하고 있지 않음 <b>디지털 솔루션 사업부문 관련 M&A 진행현황 및 일정은? </b>◼ 씨벤티지(Sea Vantage)에 `지분투자. 배경은 현재 HD현대마린솔루션이 추진하고 있는 오션와이즈 사업의 가속화를 위해서 해운 ICT 전문 인력을 보유하고, 관련 데이터를 보유하고 있는 회사와의 전략적 협업을 강화하기 위함 ◼ 그 이외의 항만관련 서비스를 진행하고 있는 회사들과의 사업 제휴 그리고 인수 검토를 진행 중. 이 부분에 대해서는 정확한 시기를 언급하기는 어려운 상황이며, 사업적 제휴를 하고 회사 포텐셜을 참고하면서 최종적인 인수 검토를 하고 있음 <b>친환경개조 사업은 3~4분기에도 YoY기준으로 계속 부진할 예정인지? 파이프라인 및 협상 현황은? </b>◼ 2분기 매출 감소 이유는 수주한 공사 중에 공사 규모가 커지면서 리드타임이 좀 길어진 탓 ◼ 상반기에 목표로 했던 FSU, FSRU 개조 공사 및 수주시점이 지연 되었음. 지연된 이유는 발주처가 선박개조 외에도 육상설비개조까지 함께 투자 결정을 해야 하는 상황 때문이었음. 이해관계가 다소 복잡하기 때문에 의사결정이 좀 지연되고 있음. 다만, 이 개조공사에 대한 문의는 여전히 지속되고 있음. 이 중 깊게 논의를 하고 있던 공사들은 3분기에 가시적인 성과를 달성할 수 있을 전망. ◼ 친환경 매출의 경우 연간으로는 2023년 수준의 매출은 달성할 수 있을 전망 <b>실적 전망치에 대한 대략적인 가이던스가 어떻게 되는지? 상장 시점 그리고 지금 달라진 뷰가 있는지? </b>◼ 지난 3년간의 성장 추이를 2024년에도 유지 할 수 있다고 판단. 이익도 20% 수준의 성장률을 보일 수 있다고 기대 ◼ 조선업 호황과의 상관관계는 높지는 않으나 부품사업에서 어느정도 수혜는 있다고 봄. 대형 LTSA 등 선박 인도 시점에 HD현대마린솔루션이 수주를 하게 되다 보니 수주 파이프라인도 대부분 견고한 편 <b>남미지역 육상발전엔진 매출 지속가능성 및 하반기 트렌드는 어떻게 되는지? </b>◼ 육상발전은 글로벌한 트렌드는 아니며 친환경적이지도 않음. 구조적인 성장을 생각하지는 않음. 현의 수주로 인한 2~3년 간 매출 반영을 예상 ◼ 신조 DF 연료가 메탄올에서 LNG로 바뀌는 기조로 파악하고 있음. 초기에는 머스크를 비롯한 대형 선주사들이 메탄올 개조에 대한 문의를 했었으나, 최근에는 메탄올과 LNG가 믹스가 되고 있고 LNG DF 개조에 대한 부분이 증가하는 추세. 개조시장에서는 선주사들이 연료에 대한 의사결정을 좀 미루고 관망하고 경향을 보이고 있는 상황. 지금은 메탄올과 LNG가 섞여있는 상황으로 파악됨 ",3723
226330,신테카바이오,2024-07-24,7710,7250,8280,0.063448276,0.142068966,952106,"<b>Company Report </b><b>㈜신테카바이오 </b><b>AI 신약 탑 플레이어로 도약 </b><b>Company Overview </b>신테카바이오는 AI 신약개발 플랫폼 서비스와 AI 신약개발 사업을 영위하는 기업이다. 최근 슈퍼컴퓨팅 인프라를 확충하고, 고객 니즈에 맞춘 다양한 AI 신약 플랫폼 서비스를 확대하고 있다. 특히, 동사의 AI 슈퍼컴퓨팅 인프라는 AI 신약개발만을 위해 구축한 것으로, 국내에서 유일하다. 고도화된 AI 플랫폼과 슈퍼컴퓨팅 인프라를 기반으로 클라우드 서비스를 구축하고, AI 신약개발 자동화 체계를 완성하면서 AI 신약개발 글로벌 생태계 내 탑 티어로 도약하고 있다. 전 세계 바이오 업계 ‘AI 기술' 도입 열풍이 거세다. 이는 신약개발 과정 내 AI 기술을 활용해 시간과 비용을 절감시키고, 사업 효율화를 극대화한 성과가 속속 발표되면서 바이오업계 AI 도입은 선택이 아닌 필수로 자리 잡고 있다. 2009년에 설립된 신테카바이오는 2014년 ETRI(한국전자통신연구원)의 ‘유전체 빅데이터용 슈퍼컴퓨팅’ 기술 출자를 받아 ETRI 연구소 기업으로 선정됐다. 이후 2016년을 기점으로 AI 신약개발 분야로 사업영역을 확장해 합성신약 후보물질 발굴, 암 신생항원 발굴 및 예측 등 AI 신약개발 솔루션을 독자적으로 개발해 2019년 코스닥 시장에 상장한 국내 대표 AI 신약 탑 플레이어다. 신테카바이오의 AI 신약개발 사업 주요 경쟁력으로는 1) 슈퍼컴퓨팅 인프라 2) 합성신약 유효물질 발굴 및 선도물질 최적화 플랫폼 DeepMatcher®와 신생항원 예측 AI 플랫폼 NEO-ARS® 3) DDCS, SaaS, 3bm-GPT 등 다양한 AI 플랫폼 서비스 4) 인터넷만 있다면 장소의 제약 없이 자동화된 시스템을 통해 운영되는 STB Cloud를 꼽을 수 있다. 최근 신테카바이오는 대전 둔곡 ‘AI 바이오 슈퍼컴센터(ABS 센터)’의 슈퍼컴퓨팅 설비를 기존 3,000대에서 중앙처리장치(CPU) 1,000대, 그래픽처리장치(GPU) 1,000대를 추가해 총 5,000대 규모의 슈퍼컴퓨터 인프라를 구축했다. AI 신약개발을 위해선 대규모 데이터 연산이 필수적이기 때문에 이를 실현할 수 있는 슈퍼컴퓨팅 설비가 핵심 요소다. 동사는 슈퍼컴퓨팅 설비와 클라우드 기반 자동화 시스템을 결합해 AI 신약 후보물질 공장 단위 생성 체계(Factory-level platform)를 구축했다. 또한, ABS 센터는 자연대류 구조를 활용해 별도의 항온·항습 장비 없이 데이터센터를 가동해 전력비를 크게 절감했다. 참고로 신테카바이오의 ABS 센터의 PUE(전력사용효율)는 1.1로 국내외 데이터 센터 평균 PUE 1.76~1.55 대비 확실한 비교우위를 갖춘 고효율 데이터센터로 평가받고 있다. 향후, 신테카바이오는 유효물질 스크리닝부터 선도물질 최적화, 전임상까지의 단계를 거친 후보물질을 제공하는 DeepMatcher 기반 신약개발 One-Stop 솔루션 DDC 서비스를 통해 수익성을 강화하고 장기적으로 공동연구/공동개발을 통한 IP 비즈니스를 목표로 하고 있다. 또한, 올 하반기 모듈 및 구독형 서비스 SaaS 출시를 통해 AI 신약 비즈니스 <b>FAQ List </b>Q1. 신테카바이오만의 슈퍼컴퓨팅 인프라 경쟁력은? Q2. ABS 센터의 증설 이유와 향후 계획은 무엇인가? Q3. STB Cloud를 통한 플랫폼 기술 탑재란 어떤 것이고, 기대효과는 무엇인가? Q4. 서비스 다변화 전략은 무엇인가? Q5. 생성형 AI인 3bm-GPT의 역할 및 기대효과는 무엇인가? Q6. 회사의 중·장기 성장 전략 및 목표는 무엇인가? FAQ Company Answer Q1. 신테카바이오만의 슈퍼컴퓨팅 인프라 경쟁력은? A1. 신테카바이오는 AI 신약개발 분야에서 독보적인 슈퍼컴퓨팅 인프라를 보유하고 있다. AI 신약개발의 핵심은 인공지능 기반 고성능 컴퓨팅 클라우드 플랫폼 구축에 있으며, 고성능 하드웨어 파워가 필수적이기 때문이다. 최근 엔비디아와 리커전의 협력도 슈퍼컴퓨팅 인프라가 AI 신약개발의 필수 자원임을 보여주는 사례다. 슈퍼컴퓨팅 인프라는 동사가 단백질-약물 결합 구조 분석, 약물 설계, 약물 최적화, 후보물질 도출 등 AI 신약개발 과정에서 필요한 방대한 데이터를 효율적으로 처리하고 대규모 연산을 신속하게 수행할 수 있게 한다. 이는 동사가 AI 신약개발의 선두주자로서의 위치를 더욱 확고히 하는 중요한 경쟁력이다. 국내에서 AI 신약개발을 위한 슈퍼컴퓨터 설비를 갖춘 곳은 동사가 최초이자 유일하다. 동사는 2023년 10월 대전 둔곡 지구에 ABS 센터를 준공한 이후, 현재 중앙처리장치(CPU) 3,000대, 그래픽처리장치(GPU) 2,000대로 총 5,000대 규모의 AI 신약개발 전용 슈퍼컴퓨터 인프라를 보유하고 있다. 이를 기반으로 클라우드 기반 자동화 시스템과 슈퍼컴퓨팅 인프라를 결합해 AI 신약 후보물질 공장 단위 생성 체계(Factory-level platform) 구축이 가속화될 전망이다. <b>Q2. ABS 센터의 증설 이유와 향후 계획은 무엇인가? </b>A2. 신테카바이오의 ABS 센터는 최근 AI 신약개발을 위한 슈퍼컴퓨팅 설비를 기존 3,000대에서 중앙처리장치(CPU) 1,000대, 그래픽처리장치(GPU) 1,000대를 추가로 증설해 총 5,000대 규모의 슈퍼컴퓨터 인프라를 구축했다. 해당 슈퍼컴퓨팅 인프라는 1개월에 신약 후보물질(Hit) 50개 발굴 및 유전체(WGS) 7,200개를 분석이 가능한 성능을 갖췄다. ABS 센터의 증설 이유는 AI 신약개발의 효율성과 속도를 높이기 위함이다. 방대한 데이터 처리와 신속한 연산 능력으로 신약개발 경쟁력을 강화하고, 더 많은 후보물질을 빠르게 발굴할 수 있도록 하는 것이 주요 목표다. 이를 통해 중점적으로 준비하고 있는 STB 런치패드 서비향후 계획으로는 기존 슈퍼컴퓨팅 인프라를 더욱 확장하고 고도화해 AI 신약개발의 모든 단계에서 최적화된 솔루션을 제공하는 것이다. 이를 통해 신테카바이오는 AI 신약개발 분야에서 독보적인 경쟁력을 확보하고 글로벌 시장에서의 입지를 더욱 강화해 나갈 예정이다. <b>Q3. STB Cloud를 통한 플랫폼 기술 탑재란 어떤 것이고, 기대효과는 무엇인가? </b>A3. 동사의 AI 신약개발 서비스인 ‘STB Cloud’는 2022년 12월 론칭됐다. 이 서비스는 동사의 합성신약 유효물질 발굴 및 선도물질 최적화 플랫폼 DeepMatcher®를 클라우드를 통해 이용할 수 있게 지원해 기존의 신약개발 과정을 표준화·단순화·자동화해 언제 어디서든, 쉽고 간단하게 원 클릭 서비스로 이용할 수 있게 클라우드 시스템으로 구현했다. STB Cloud는 ABS 센터를 통해 소프트웨어를 자동으로 가동하기에 고객은 별도의 하드웨어 구축 및 소프트웨어 설치가 필요 없다. 또한, 결과 보고서도 포털 상에서 제공되는 토탈 서비스 형태이기에 별도의 숙련된 전문가가 필요 없으며 복잡한 매뉴얼 교육도 요구되지 않는다. 지리적·물리적 제약 한계를 극복해 글로벌 대상의 서비스 강화가 기대된다. 동사는 2024년 하반기 하기 5개의 서비스를 클라우드 기반 SaaS 형태로 출시할 예정이다. (1) ABP 서비스(Auto Binding Pose): 크리스탈 구조에 근접한 타깃 단백질-리간드 3차원 결합 자세를 예측 DR-Hit 서비스(Drug Repurposing-Hit): 유효물질을 약물 재창출에 활용 가능한 데이터베이스 기반으로 찾아주는 서비스 LFS-Hit 서비스(Large Fast Synthesizable-Hit): 유효물질을 합성 가능성이 높은 신규 물질 데이터베이스 기반으로 찾아주는 서비스 (4) ALGO(Auto Lead Generation&Optimization): 선도물질을 신테카바이오 특화 R-(5) NEO-SaaS: 개인맞춤형 신생항원을 예측하는 서비스로 항암백신 개발에 활용 A4. 동사는 합성신약 유효물질 발굴 및 선도물질 최적화 플랫폼 DeepMatcher®를 기반으로 다양한 AI 신약개발 서비스를 확장해 전 세계 고객군을 대상으로 AI 신약개발 비즈니스를 강화해 나갈 방침이다. 대표적인 서비스로는 DDCS(DeepMatcher Drug Candidate Service), SaaS(Software as a Service, 서비스형 소프트웨어), STB Launchpad를 보유하고 있다. DDCS는 플랫폼 기술인 DeepMatcher 기반의 One-Stop 솔루션이다. 유효물질 스크리닝부터 선도물질 최적화, 전임상까지의 단계를 거친 후보물질을 제공하는 AI 신약 알고리즘을 보유하고 있다. 즉, 클라이언트 니즈에 맞춰 신약개발 전 주기에 걸쳐 맞춤형 서비스가 가능하다. DDCS는 유효물질 스크리닝, 선도물질 발굴, 독성 테스트를 포함해 약 2년의 기간이 소요돼 전통적인 신약 개발 단계에서 소요되는 5~6년에 비해 시간 및 비용을 크게 줄였다. SaaS는 DeepMatcher®, NEO-ARS® 등 동사의 AI 플랫폼을 모듈별로 분리해 고객의 니즈에 따라 활용할 수 있도록 만든 모듈별 서비스다. AI 플랫폼을 클라우드 시스템에 탑재해 인된 3차원 결합 구조 예측(Binding Pose), 선도물질 도출(Lead Generation), 신규 적응증 발굴(Repurposing) 등에 활용 가능하며, 고객군이 제약사/바이오텍에서 연구소, 포닥 등으로 확대될 수 있을 것으로 보고 있다. STB Launchpad 서비스는 선 도출 유효물질 데이터베이스로 DDCS의 하위 개념이며 DDCS를 원활히 활용하기 위해 미리 발굴한 유효물질로 이루어져 있다. DDCS 계약 시, STB Launchpad 포함 또는 미포함으로 선택해 계약할 수 있으며 STB Launchpad를 포함할 시, 이미 발굴된 유효물질을 포함하여 시뮬레이션을 가동하기에 유효물질 발굴 실패 가능성을 현저히 낮출 수 있다. 향후, 약 100개의 적응증에 관련된 유효물질을 보유하는 것이 목표다. <b>Q5. 생성형 AI인 3bm-GPT의 역할 및 기대효과는 무엇인가? </b>A5. 3bm-GPT는 단백질과 리간드 간 3차원 결합 구조를 확인해 주는 생성형 AI 서비스다. 생성형 AI를 적용해 딥러닝 강화는 물론 AI 알고리즘 성능을 개선하고 GPT 서비스를 구독 모델로 연계해 신규 서비스 확장을 기대할 수 있다. 즉, 타깃 단백질 구조를 대상으로 예상되는 리간드들의 정보 및 유사 약물 리스트와 분류 정보를 제공하고, 예상 화합물의 구조와 타깃 단백질의 기능을 확인함으로써 적응증 등을 예측해 연구에 활용하며, 3차원 결합 구조의 주요한 성질을 학습해 새로운 결합 탐색 예측과 화합물 확보에 사용할 수 있을 것으로 본다. 최근 맥킨지앤드컴퍼니(McKinsey & Company)는 ""생성형 AI의 기본 모델은 언어뿐 아니라 이미지, 오믹스, 환자 정보, 기타 유형의 데이터를 구축되는 데, 질병의 진행 과정과 최선의 치료 방법을 설명하고 해결할 때 이러한 모든 데이터가 필요하기 때문에 제약 바이오산업에 미치는 영향이 크다""고 설명했다. 또한, ""생성형 AI 기술은 임상시험의 성공 가능성 약 10% 증가, 비용 및 기간 약 20% 감소, 승인까지 걸리는 시간을 1~2년 단축한다. 또 구매와 제조, 품질, 공급망 등 모든 제약 운영 가치사슬을 개선할 것으로 기대되며, 마케팅 효율성을 견인할 수 있다""라고 전망했다. <b>Q6. 회사의 중·장기 성장 전략 및 목표는 무엇인가? </b>A6. 동사는 초기 단계 AI 신약개발 CDMO(항체 바이오 의약품 위탁생산 및 위탁개발)을 목표로 사업을 진행하고 있다. 동사가 지향하는 AI 신약개발 원스톱 서비스는 ‘발굴, 최적화, 독성, 비임상’의 전 과정을 대행하는 것이며, 이를 위해 AI 신약 알고리즘 및 컴퓨팅 파워, 다양한 적응증 및 표적에 대한 표준화된 플랫폼이 요구된다. 동사는 ABS 센터의 슈퍼컴퓨터를 활용해 플랫폼 표준화 및 확장성 검증을 완료했다. 현재 1센터가 준공된 상황이며, 1센터에는 10,000대까지 증설이 가능하다. 향후 비즈니스 진척 상황에 따라 30,000대까지 순차적으로 늘려 나갈 계획이다. 비즈니스 측면에서는 동사의 주요 플랫폼을 활용해 선 구축 유효물질 데이터베이스인 STB Launchpad 라이브러리를 구축하고 이를 PaaS(Platform as a Service, 플랫폼 기반 서비스), SaaS 등으로 확장해 상업화에 적극적으로 나서고 있다. DeepMatcher®, NEO-ARS®, NGS-ARS® 등 주요 플랫폼의 기술 검증은 완료된 상태로, 동사는 이를 활용해 플랫폼별 주요 모",6144
267270,HD현대건설기계,2024-07-16,64200,57800,66000,0.110726644,0.141868512,952214,"<b>HD현대건설기계 (267270) </b><b>2Q24 Review: 예상치 하회하는 부진한 실적 기록 </b><b>예상치 하회하는 부진한 실적 기록 </b>— HD현대건설기계는 2Q24 실적 (K-IFRS 연결)이 매출액 8,530억원 (-17.4% YoY), 영업이익 586억원 (-39.3% YoY, 영업이익률 6.9%)을 기록했다고 발표 — 영업이익은 지난해 2분기의 60% 수준에 그쳤으며, 컨센서스 대비로는 매출액 기준 14.1%, 영업이익 기준 9.8% 하회한 부진한 실적 — 컨센서스 대비 크게 낮았던 KB증권 추정치 (매출액 9,479억원, 영업이익 566억원) 대비로는 매출액이 10% 하회했고, 영업이익은 유사했음 <b>판매감소와 제품 및 지역Mix 변화로 수익성 악화 </b>— 2Q24 영업이익은 586억원으로 지난해 2분기 966억원 대비 380억원 감소 — 수요둔화에 따른 판매감소와 제품 및 지역Mix 변화, 프로모션 강화에 따른 판매촉진비 증가 등으로 522억원의 비용증가 요인이 발생했으나 강재가격하락, 환율상승, 판가인상 등으로 일부 만회 — 2분기 영업이익에 영향을 준 일회성 요인은 없었던 것으로 파악됨 <b>산업차량과 부품사업 등이 추가적인 실적 악화 제한 </b>— 건설기계는 인디아와 브라질 등의 실적호조에도 불구하고 이를 제외한 대부분의 지역에서 판매가 감소 — 북미지역은 건설지출감소와 시장부진에 따른 딜러들의 재고조정 지속으로 매출액이 YoY 15% 감소 — 유럽도 하반기 금리인하 대기수요로 시장수요가 감소하면서 YoY 28%의 매출액 감소 기록 — 이외에 러시아, 튀르키예, 호주, 중남미 등의 수요감소 및 경제제재로 직수출 지역도 YoY 35% 감소 — 다만 산업차량은 북미시장의 견조한 수요가 지속되면서 YoY 33%의 매출성장을 이루었으며, 부품사업도 0.4%의 성장세를 기록하면서 추가적인 실적 악화를 제한 <b>우크라이나 재건 수요에 대한 지나친 기대는 경계 필요 </b>— 우크라이나-러시아 전쟁의 종료와 이에 따른 재건 수요에 대한 기대감으로 주가 변동성이 크게 확대 — 회사측은 우크라이나 굴착기 시장규모가 전쟁 이전 연간 1,000~1,500대 수준으로 HD현대건설기계의 시장점유율은 10~15% 수준이었다고 밝힘 2012년 미군의 이라크 철수 이후 3년간 한국산 굴착기의 대 이라크 수출은 이전 10년 평균 대비 4.5배 증가 — 유사한 정도의 재건 수요가 발생할 경우 연간 수출액은 500~1,000억원 수준으로 연간 매출액의 1~2% 수준 ",1240
83650,비에이치아이,2024-07-18,8810,9270,10530,-0.049622438,0.13592233,952050,"<b>비에이치아이</b><b>LNG, 원자력(+ SMR), 암모니아·수소를 아우르는 사업 포트폴리오</b><b>HRSG 원천 기술 보유 업체로서의 입지와 복합 화력 발전 수요 증가의 만남</b>◼ HRSG는 가스 터빈, 스팀 터빈과 함께 천연가스 기반 복합 화력 발전에 있어서 핵심 설비로 활용됨◼ 국내 수주 → 제10차 전기본 상 노후 석탄 28기(약 14.1GW 규모)의 LNG로의 연료 전환(2025~2036년) 계획有[제11차 전기본(실무안)에서도 유지]  약 1.4조원 규모(450MW 1기당 약 400~500억원) 시장 형성 전망◼ 해외 수주 → 전 세계적인 천연가스 기반 복합 화력 발전 수요 증가(석탄 화력 발전 대체, 전력 생산의 유연성, 수소혼·전소로 전환 가능 등)  중동 시장 확대, 국내 EPC 업체의 해외 수주 증가, 메이저 터빈 제작 업체와 협력 지속<b>대형 원전: 국내 수주는 신한울 3·4호기에서, 해외 수주는 체코와 폴란드에서</b>◼ 신한울 3·4호기(1,400MW급) 재개로 국내 수주 모멘텀 有 → 2024~25년 중 약 1,000~1,500억원 규모 수주 예상◼ 체코 1,200MW급 원전 4기(두코바니 5·6호기, 테멜린 3·4호기) 사업 및 폴란드 1,400MW급 원전 2기(퐁트누프 2기) 사업의 “팀 코리아” 수주 가능성 有 → “팀 코리아”를 통한 해외 수주 가능성 충분히 존재◼ “Westinghouse”를 통한 해외 수주도 가능 → 과거 BOP 납품 레코드 有 & 현재 폴란드 내 원전 프로젝트 진행 중<b>SMR과 CASK를 통해 원자력에서의 중·장기 성장 동력 마련</b>◼ 국내 첫 SMR인 SMART 사업에 참여해 핵심 연료 취급 계통(FHS), 격납 건물 압력 및 방사능 저감 계통 덮개(CPRSS Lid) 개발 완료 → 최근 추진되고 있는 i-SMR 사업에도 참여해 SMR 관련 사업 이어갈 예정◼ 독일 GNS와 협력으로 사용 후 핵 연료 운반 및 건식 저장 용기(CASK) 관련 기술 확보 → 초기 시장 약 1.5조원 규모 예상◼ SMR 및 CASK 관련 사업은 2028년 이후 본격적인 성과를 보여줄 것으로 기대한국수력원자력, 한국원자력연구원, 한전기술,한전원자력연료, 두산에너빌리티, 두온시스템, 래드코어,비에이치아이, 삼성물산, 삼홍기계, 솔텍, 유저스,한국원자력기술, 한미글로벌, 한양이엔지, 효성굿스프링스<b>암모니아 혼소와 연료전지·수전해전지를 통해 신에너지 사업 포트폴리오 확보</b>◼ 국책 과제(당진, 삼척)를 통해 실증을 위한 암모니아 혼소 보일러 개발 중 → 빠르면 2028년부터 관련 매출 발생 기대 암모니아 혼소 보일러는 CHPS 내 청정 수소 발전 시장에서 중앙 집중화되어 있는 석탄 화력 발전소의 탈탄소화와및 좌초자산화 방지에 있어서 핵심적인 역할을 맡게 될 전망◼ 현재 연료전지(SOFC) 시스템 사업화를 진행 중이며 이를 통해 수전해전지(SOEC) 시스템으로 사업 확장 계획 중 →특히 SOEC 시스템은 원전(+ SMR)과의 시너지를 통한 에너지 소비 최소화 및 수소 생산 효율의 극대화 가능",1508
82740,한화엔진,2024-07-23,16900,14960,16950,0.129679144,0.13302139,952220,"<b>한화엔진 082740 </b><b>2Q Review: 연속 서프라이즈로 굳어지는 이익 신뢰도 </b>.  영업이익 컨센서스를 36.3% 상회하는 호실적. 2분기 연속 서프라이즈 1) 주요 고객사(한화오션, 삼성중공업, 양쯔장, 뉴타임즈)의 하반기 상선 인도량 증가 2) 신조선가 상승에 후행하는 엔진 판매 단가의 반영으로 구조적 개선세 입증 .  일회성 요인 없었으며, EPLO 수주하며 비선박엔진부문 외형 성장의 기대감 조성 .  24개월 선행 BPS 6,076원 x 멀티플 3.3배, 적정주가를 18,000원으로 상향 조정 <b>2개 분기 연속 서프라이즈 경험하며 이익 신뢰도 상승 </b>2분기 매출액 2,865억원(+51.5% YoY, -2.3% QoQ), 영업이익 186억원(+436.2% YoY, -4.1% QoQ), 영업이익률 +6.5%(+4.7%p YoY, -0.1%p QoQ)을 기록했다. 영업이익 컨센서스를 36.3% 상회하는 서프라이즈이다. 세전이익 185억원(+2782.8% YoY, -0.6% QoQ), 당기순이익 143억원(+3010.7% YoY, -3.8% QoQ)을 기록했다. <b>QoQ 둔화처럼 보이는 이유는 기저효과 때문 </b>전분기 대비 매출액 및 영업이익이 감소한 이유는 기저효과 때문이다. 주요 고객4사향 2분기 납품량을 선박 26척분으로 추정하며 전분기 23척분보다 증가했다. 1분기 매출 인식분에는 납품량 추정치인 23척분 외에도 2023년 4분기 납품 예상치로부터 이연 인식된 4척분 효과가 있었다고 추정한다. 기저효과를 제외하면 물량 증가와 가격 상승 효과가 지속되고 있으며, 경상적인 수익성은 추가 개선됐다. <b>적정주가 18,000원으로 상향 </b>적정주가를 18,000원으로 상향 조정한다. 24개월 선행 BPS 6,076억원 x 적정 멀티플 3.3배를 적용했다. 2026년 실적을 일부 반영한 밸류에이션을 적용한 이유는 선박 인도 스케쥴을 약 2분기 선행하는 선박엔진 납품 일정의 경험칙을 고려했기 때문이다. 주요 고객사들이 2026년 선박 인도 슬롯에 대한 영업을 마무리 했다. 계열사이자 고객사인 한화오션이 7월 1일 VLCC 4척을 수주하면서 2026년 인도 슬롯 수주를 마무리했으며 나머지 고객들도 2026년 슬롯을 채웠다.  2분기 선박엔진 매출액은 2,394억원(+60.8% YoY, -3.9% QoQ)을 기록했다. 비선박엔진 매출액은 471억원(+17.4% YoY, +6.4% QoQ)을 기록했다. 상반기 총 6,469억원의 신규 수주를 확보했으며, 선박엔진은 6,289억원이다. 이 중 DF엔진의 비중은 73%이다. 기말 수주잔고는 2조 8,064억원이며 선박엔진 기준으로는 2조 6,946억원이다. 비선박엔진 부문에서는 신사업 기대감이 태동 중이다. 엔진 터보차저 업체인 Accelleron과의 EPLO(Engine Part Load Optimisation) 프로젝트에 대한 추가 수주를 확보했다. EPLO는 엔진 부분 부하 최적화 사업을 의미하며 엔진 출력에 맞는 교체 및 개조 작업과 연료 시스템 제어 작업을 수반한다. 기존 일감 마무리와 추가 수주 확보라는 긍정적인 트랙 레코드를 확인했다. <b>한화엔진 (082740) </b>",1576
353200,대덕전자,2024-07-10,24900,22300,25000,0.116591928,0.121076233,952054,"<b>대덕전자 </b><b>차별화 기대 </b><b>FC-BGA 신규 고객사 확보와 MLB 라인업 고도화 기대 </b>투자의견과 목표주가를 유지한다. ① 업황과 주가는 하방 경직성을 가진 구간에 있으며, ② 4Q24 FC-BGA 신규 고객사 확보가 기대되며 ③ AI, 스위치 중심으로 MLB 라인업이 고도화될 전망이다. 업황 개선 속도가 더딤에도 차별화된 주가 흐름을 기대할 수 있다. FC-BGA 업황: 중/저가 FC-BGA 업황 개선은 여전히 더딘 편이다. PC, 가전, 전장 등 수요 회복이 전제되어야 한다. 다만 이미 최악을 지난 것으로 판단한다. 4Q23을 기점으로 매출 증감률이 재고자산 증감률을 앞서기 시작했다[그림3]. 실제 동사를 포함한 주요 반도체 기판 업체들의 재고는 1.6년 이전으로 회귀했다[그림4]. 매출은 완만한 속도로 매월 개선되고 있는 추세다. 방향이 바뀐 것이다. ② FC-BGA 신규 고객사 확보: 업황 회복은 더디나, 회사는 자구 노력으로 외형 성장의 가시성을 높이고 있다. 대표적으로, 신규 전장용 FC-BGA 업체를 확보한 것으로 파악된다. 상반기 중 생산 라인에 대한 실사를 끝내고 공급 시점을 논의하고 있다. 공급이 시작된다면 FC-BGA 가동률이 70% 이상으로 개선되며 턴어라운드 가능성이 높아질 것이다. 참고로, 1Q24 기준 가동률은 40%에 그치며 적자를 지속한 것으로 파악된다. 당사는 연간 FC-BGA 매출은 ‘22년 2,730억원, ‘23년 2,249억원, ‘24년 2,250억원, ‘25년 3,150억원으로 전망한다. 먼저 AI 서버용 보드, ‘25년 스위치용 보드 공급을 계획하고 있다. <b>2분기 실적 호조 전망 </b>2Q24 실적은 매출 2,360원(+7.3% YoY, +9.9% QoQ), 영업이익 76억원(+36% YoY, 영업이익률 3.2%)로 전망된다. 기존 대비 매출과 영업이익을 각각 +2%, +26% 조정한 것으로, 최근 상향 조정된 컨센서스에 전반적으로 부합할 것으로 개선세가 확인된다. 특히 DDR5 메모리기판은 1Q 당시 전방의 HBM 생산 배분 확대에 따라 물동이 축소되었으나, 1개 분기만에 다시 회복되는 모습이다. MLB는 반도체 테스터 중심으로 물동이 견고하다. FC-BGA는 계획대로 1Q24 대비 느린 개선세이며, 서두에 언급하였던 4Q24 신규 고객사 확보를 주된 외형 확대의 촉매로 바라보고 있다. ",1174
5090,SGC에너지,2024-07-23,26800,25250,28300,0.061386139,0.120792079,952008,"<b>SGC에너지 005090 </b><b>돋보였던 2분기, 하반기도 괜찮을 실적 </b><b>2Q Review: REC 재정산 효과 크게 반영 </b>2분기는 매출액 6,068억원(-24.7% YoY)과 영업이익 680억원(+2,1460.0% YoY)을 시현했다. 발전/에너지 부문이 전사 실적을 견인했으며 매출액은 전년동기 대비 11% 늘어난 2,491억원, 영업이익은 동기간 484% 증가한 623억원을 기록했다. 증기/전기/REC를 판매하는 발전/에너지 사업은 2분기에 REC가격 상승에 따른 차익분 약 300억원이 더해지면서 좋았다. 이를 제외하면 영업이익은 323억원인데 주 원료인 유연탄 가격 안정화에 따른 원가개선으로 15%의 영업이익률을 보여주었다. 건설도 지난해 4분기 적자에서 벗어나면서 분기별 20억원 내외 이익을 내면서 매출 증가와 함께 서서히 개선되고 있다. <b>하반기에도 안정적인 실적 유지될 전망 </b>2분기 REC 재정산으로 이익이 크게 늘어났으나 하반기에도 전 사업부문에서의 안정적인 실적이 예상된다. 발전/에너지 부문의 꾸준한 전기 및 REC 판매가 이어지는 가운데 건설도 지난해 말과 올해 초에 받은 수익성 좋은 신규 프로젝트들(공시기준 약 5,320억원)의 매출인식이 본격적으로 시작된다. 새롭게 시작하고 있는 탄소포집은 설비를 활용해 액화탄산을 판매하고 있으며 올해 연간 약 5만톤 판매 가정 시 60억원 가량의 매출액이 발생할 것으로 예상한다. 운영 첫 해로 현 시점 정확한 이익 추정은 어려우나 내년부터 본격적인 매출확대가 이루어지면서 이익 발생도 가능할 것으로 보인다.  <b>투자의견 매수, 목표주가 34,000원 제시 </b>동사에 대해 투자의견 매수와 목표주가 34,000원을 제시한다. 목표주가는 SOTP 방식을 통해 산출했으며 현재주가 대비 상승여력은 27%이다. 2024년 연간 실적은 매출액 2.4조원(-19.0% YoY)과 영업이익 1,956억원(+83.1% YoY)으로 추정한다. SMP가격 하락과 건설부문 매출 감소로 외형은 축소됨에도 원료 가격 하향 안정화에 따른 원가 개선과 2분기 실적 영향으로 이익은 많이 늘어날 전망이다. 또한 1조원이 넘던 SGC E&C 향 채무보증규모도 약 5,600억원으로 많이 낮아지면서 재무건전성도 좋아지고 있다. 여러모로 편안해지는 구간이다. <b> [ SGC 에너지 005090 ] </b>",1172
260970,에스앤디,2024-07-24,43950,40200,44900,0.093283582,0.116915423,952082,"<b>강은지 </b><b>에스앤디(260970) </b><b>불닭볶음면이 가면 나도 간다 </b>음식의 맛을 결정하는 기업: 에스앤디는 식품 소재 전문 기업으로 일반 기능 식품 소재와 건강 기능 식품 소재를 생산, 판매하는 회사다. 1Q24 기준 160여개의 고객사를 보유하고 있으며 170여개의 식품 소재를 생산하고 있다. 주력 사업부는 일반 기능 식품 소재 사업부로 2023년 기준 매출액의 82.6%가 일반 기능 식품 소재 사업부에서 발생했다. 주요 고객사로는 삼양식품, CJ제일제당, 농심, 풀무원 등이 있으며 주력 제품은 불닭볶음면의 분말 스프와 액상 소스에 사용되는 치킨향 분말, 크림맛 분말, 그릴 농축액, 매운 치즈 소스 등이 있다. 에스앤디의 또 다른 특징은 자체적으로 개발한 소재의 경쟁력을 기반으로 확보한 높은 수익성이다. 2023년, 1Q24 영업이익률은 각각 14.6%(-0.3%p YoY), 14.7%(+3.5%p YoY)로 국내 음식료품 업체 평균 대비 높은 영업이익률을 기록하고 있다. 고객사와 함께 성장 가능: 2023년 실적은 매출액 883억원(+20.4% YoY), 영업이익 129억원(+17.7% YoY, OPM 14.6%)을 기록했으며 1Q24 실적은 매출액 238억원(+30.8% YoY), 영업이익 35억원(+72.2% YoY, OPM 14.7%)을 기록했다. 실적 성장의 가장 큰 이유는 불닭볶음면 판매량 증가다. 에스앤디 전체 매출액의 약 80%가 삼양식품으로부터 발생하기 때문이다. 삼양식품은 2025년 상반기 내 밀양 2공장 가동을 시작할 예정이며 불닭볶음면 생산량 증가 시 에스앤디의 일반 기능 식품 소재 매출액 또한 증가할 전망이다. 증설 모멘텀 보유: 고객사의 증설 모멘텀 뿐만 아니라 에스엔디도 증설 모멘텀을 보유하고 있다. 핵심 고객사인 삼양식품의 CAPA가 약 38.2% 증가할 것이 예상되는 상황에서 에스앤디 또한 분말 시즈닝 등 B2C 자체 제품 개발 및 판매를 계획 중이기 때문이다. 2023년 연간 기준 가동률 85.9%를 기록했고 1Q24 기준 가동률 91.0%를 기록했기에 향후 증설 투자를 진행할 가능성이 높다고 판단한다. 삼양식품에 대한 투자를 고려할 때 함께 고려해야 할 기업으로 추천한다. ",1100
69620,대웅제약,2024-07-24,128800,118100,131600,0.090601185,0.114309907,952023,"<b>매수(유지) </b><b>목표주가: 190,000원 (유지) </b><b>대웅제약(069620) </b><b>R&D 간담회 후기: 성장의 원천 </b><b>신약 매출 확대 전략과 R&D 방향성 재확인 </b>- 7월 23일 R&D 간담회에서 신약 매출 확대 계획과 파이프라인 개발 방향성을 공개함 - 신약 매출 확대 계획: 2030년 1품 1조원 달성을 목표로 나보타, 펙수클루, 엔블로 개발 중. 전반적인 전략은 적응증 확장, 해외 진출 확대, 비임상, 임상 결과를 바탕으로 근거를 강화하는 것 1) 나보타: 28년 에볼루스 매출 1조원 달성 목표라고 언급. 2) 펙수클루: 30년 파트너사 매출까지 포함한 총매출 1조 달성 목표라고 언급, 25년 상반기 중국 승인, 하반기 발매 예정. 경쟁품인 PPI 대비 우수한 효능 측면에서의 장점 확보 중(소장 손상 보호 효과, 항염증 효과를 입증한 비임상 결과 등). 3) 엔블로: 30년 매출 1조원 달성 목표: 중국 멧포민 병용 임상 3상 완료, 25년 승인 목표. 포시가 처방 환자에게 엔블로 교체 처방 시 포도당 조절 능력 개선된 임상 결과 확인. 기존 치료제 교체 처방 근거 강화되는 중 - 파이프라인 개발 방향성: R&D 투자 지속, 투자 비중 15%를 4년간 유지해 최근 2년간 연 2천억원 이상 투자를 지속해 왔음. 크게 3가지 전략으로 내외부 R&D 역량 강화로 Differentiated Best-in-class(BIC) 파이프라인 개발 계획 1) 자체 R&D 및 기반기술 강화: 기존에 없던 질환 영역인 항암제 후보물질 개발 시작. 신규 임상 1상 진입 파이프라인은 T, B 세포 모두를 타겟하는 자가면역질환 치료제, 파킨슨병 치료제(미국 기업 공동). AI신약개발 플랫폼 및 디스커버리 포털 내부 구축뿐만 아니라 단백질 구조기반 화합물 발굴 진행 중. 2) 오픈 이노베이션 확대: 특히 미국 기업과의 공동 개발이 많은 편, 3) R&D 자문위원회를 활용한 객관적 검증 강화 <b>내실 강화하며 꾸준히 성장 </b>- 연간 가이던스 달성 가능성 재확인. 25년에는 두 건의 신약이 중국 발매를 앞두고 있어 실적 성장 기대감 커질 전망. 중국 시장은 글로벌 시장의 약 15%를 차지해 주요 시장 중 하나로 분류됨(2022년 기준 중국 의약품 시장 규모는 1,960억달러로 글로벌 2위. 한국은 220억달러 비중 1.7%로 12위) - 도전적인 Differentiated BIC 전략에 대해서 긍정 의견. 펙수클루, 엔블로 등 BIC 전략으로는 이미 성공 사례를 만들어가는 중. 차별화된 BIC 성공 사례로 중장기적으로는 Breakthrough 신약 개발까지 도전할 수 있을 것 - 시장이 큰 항암제 영역으로의 확장도 긍정적. 비임상 단계의 TEAD1/2 저해제는 26년 임상 1상 시작 전망. NF2 유전자 변이를 동반한 모든 암 및 EGFR 저항성 폐암에 적용 가능 한국투자증권은 당사 고객 및 별도의 서비스 계약을 맺은 법인에게만 리서치 리포트를 공개하고 있습니다. 한국투자증권의 ",1484
140860,파크시스템스,2024-07-24,177300,160700,177400,0.103298071,0.103920348,951959,"<b>COMPANY </b><b>2024. 7. 24 </b><b>파크시스템스 (140860) </b><b>조정 구간에서 사야 할 회사 </b>• 원자현미경의 Throughput(시간당 웨이퍼 처리량)은 예상 대비 빠르게 개선되고 있으며, 신규 장비에 대한 R&D를 통해 더 넓은 시장(Inspection)으로 나아갈 준비. • 전공정뿐 아니라 후공정 기여 확대 예상. Hybrid Bonding과 실리콘 인터포저 내 기회 요소가 보다 명확해지고 있다는 판단. • 성장 기반은 보다 구체화되고 있고, 이를 감안 시, 최근 나타난 주가의 조정을 기회<b>WHAT’S THE STORY? </b>해외 마케팅 후기: 지난 마케팅에서 당사는 파크시스템스에 대한 의견을 해외 투자자와 공유했고, 투자자의 주요 질문 사항은 크게 2가지였다. 향후 3년간의 성장이 구체적으로 어디에서 기인하는지에 대한 질문이 많았고, 지정학적 Risk 영향에 대한 질문도 다수 존재했다. 투자의견: 향후 3년간의 고성장을 지속될 기반은 충분히 마련되고 있다고 생각한다. 주요 반도체 기술 변화(미세화, Advanced Packaging)에 대응 가능한 포트폴리오를 확보하고 있으며, R&D 역량 강화(장비 Throughput 개선 중심)를 통해 TAM을 지속 확대해갈 잠재력을 보유하고 있다는 판단이다. 목표주가 240,000원과 매수 의견을 유지한다. 1) 전공정에서의 기회 요소: 낮은 웨이퍼 처리량은 원자현미경의 한계로 부각되곤 했다. 다만, 기존 예상 대비 웨이퍼 처리량의 증가 속도는 더 가파르게 나타나고 있으며, 현재 기존 NX 시리즈 대비 Throughput을 혁신적으로 늘린 신규 장비에 대한 R&D를 진행 중인 것으로 추정된다. 그간 MI(검사/계측)실에서 활용되는 Review 장비의 성격이 강했다면 Inspection으로도 시장 범위를 확대해갈 기회 요소가 다가오고 있다는 판단이다. 2) 신규 장비의 이익 기여 확대: EUV 마스크 리페어 장비의 고객 저변이 확대되고 있으며, 구매력이 뛰어난 신규 고객으로의 진출은 성장 기울기를 높여줄 Catalyst로 작용할 것이라 생각한다. Hybrid WLI 장비도 전공정에서 새로운 기회를 잡아가고 있다는 판단이다. 3) 후공정 기여 확대: Hybrid Bonding과 실리콘 인터포저 공정 내 원자현미경의 역할은 보다 명확해지고 있으며, 주요 고객사들로부터 오더가 지속되고 있는 것으로 판단된다. 보다 많은 고객의 테스트 수요가 이어지고 있는 만큼 후공정 저변 확대 효과가 이익에 본격 기여할 날이 머지않았다는 판단이다. <b>Key Highlight I. 앞으로 3년, 파크시스템스의 성장 방향성은? </b>Prologue: 최근 해외 마케팅(아시아, 미국)에서 당사는 파크시스템스에 대한 의견을 해외 투자자와 공유했고, 투자자의 주요 질문 사항은 다음과 같다. <b>1) 원자현미경 수요 </b>전자현미경(SEM: Scanning Electron Microscope)과 달리, 원자현미경은 시장 성장의 초입부에 있으며, 기술 효용성을 기반으로 새롭게 시장을 개척해가야 한다는 특징을 가지고 있다. 좋은 기술이라는 점에는 대부분의 투자자가 동의했으나, 수요의 성장을 수치화하기 어렵고, 구체적으로 어떤 요소가 향후 3년간의 고성장을 이끌 수 있을지에 대한 질문이 많았다. <b>2) 고정비 확대 영향 </b>선제적 인력 확대(R&D 인력 중심)로 고정비 부담이 과거 대비 증가했다. 늘어난 고정비 부담이 향후 3년간의 이익률에 어떤 영향을 미칠 것인지에 대한 질문이 많았다. 3) 지정학적 Risk (미국의 중국 반도체 규제가 파크시스템스에 미칠 영향) 우리의 결론: 반도체 기술 변화에 대한 대응, R&D 로드맵 (장비 스펙 업그레이드), Application의 확장 가능성 등을 감안 시, 최근 나타난 주가의 조정은 좋은 매수 기회로 작용할 것이라 생각한다. 선제적 인력 확대로 고정비 부담이 늘어난 부분이 있지만, R&D 역량 강화와 이를 기반으로 한 탑라인(매출)의 성장이 기대되는 만큼 올해를 기점으로 수익성 회복이 재차 나타날 가능성이 높다는 판단이다. <b>1. 전공정에서 가져갈 수 있는 기회 요소 </b>Throughput(시간당 웨이퍼 처리량)의 한계로 성장이 정체될 수 있다는 우려가 일부 존재한다. 다만, 기존 예상 대비 Throughput은 빠르게 개선되고 있고, NX 시리즈 대비 Throughput을 혁신적으로 늘린 신규 장비에 대한 R&D가 진행되고 있는 만큼 초과 성장의 기회를 잡을 수 있을 것이라 생각한다. • 그간 반도체 고객의 요청에 기반하여 시장에 침투했다면 반도체 전문 R&D 인력의 채용(반도체 공정 IMEC과의 협업 등을 통해 선제적으로 고객 니즈에 부합하는 기술을 확보해갈 계획이다. 원자현미경이 가진 기능이 다양한 만큼 보다 많은 스텝에 기여할 수 있을 것이라 생각한다. • 전공정에서의 활용: Bare Wafer의 평탄도 (표면 거칠기) 검사, CMP 공정 이후 웨이퍼 표면 계측, 식각 공정 이후 돌출된 회로 표면/옆면 측정 등에 주로 활용되고 있는 것으로 추정된다. 미세화 속 수혜 강도가 커질 수 있는 영역들이라 생각한다 (CMP 스텝 확대 지속, 식각 난이도 상승 등). • Throughput의 개선: 시간당 웨이퍼 처리량의 증가세가 지속되고 있다. 과거 대비 Throughput(시간당 웨이퍼 처리량)이 4-5배 증가한 것으로 추정되며, 전처리에 소요되는 시간을 감안 시, 현시점에서 구현할 수 있는 Throughput은 전자현미경과 유사한 수준인 것으로 판단된다. • R&D가 가져올 기회: 기존 NX 시리즈 대비 Throughput을 혁신적으로 늘린 신규 장비에 대한 R&D가 진행되고 있는 것으로 추정된다. 그간 MI(검사/계측)실에서 활용되는 Review 장비라는 인식이 강했다면 Inspection으로도 시장 범위를 확대해갈 수 있는 기회 요소가 다가오고 있다는 판단이다. 2) NX-Mask (EUV 마스크 리페어 장비), 지속되는 고객 저변 확대 • 최근 현황: 신규 파운드리 고객의 Repeat Order가 나타나고 있고, 기존 고객사향으로도 추가 수주에 • 잠재 Risk: 크게 2가지이다. EUV 펠리클의 도입으로 EUV 마스크 리페어 장비의 활용도가 떨어질 수 있다는 우려가 있고, 레이저가 마스크 리페어의 새로운 수단으로 떠오를 수 있다는 우려가 존재한다. • EUV 펠리클 도입 영향은 제한적: EUV 펠리클이 도입되더라도 EUV 마스크 리페어 장비의 활용 방향성에는 변함이 없을 것이라 생각한다. 펠리클을 활용하고 있는 고객사에서도 신규 도입을 결정한 상태인 것으로 추정된다. 펠리클을 활용하더라도, 펠리클과 마스크 사이에는 미세 Gap이 생기기 마련이고, 미세 Gap 사이로 Particle이 유입될 Risk가 있다. 이를 제거해야 마스크의 수명을 늘릴 수 있다. • 레이저 활용 방안: 레이저를 통해 마스크 표면의 파티클을 제어하는 방안이 대안책으로 부각될 수 있으나, 레이저를 활용한 방안은 기본적으로 마스크에 손상을 입힐 Risk가 있고, 제어가 어렵다. • 주요 고객사향으로 장비 수주가 일부 이뤄지며, 전공정에서 새로운 기회를 맞이하는 모습이다. • WLI로 넓은 범위를 찍고, AFM으로 동일 영역을 상세하게 들여다보는 일련의 과정을 통해 공정상 발생한 문제를 상세하게 분석할 수 있고, 궁극적으로 공정 효율성 개선에 기여 가능한 솔루션으로 도약<b>Compliance notice </b>",3655
9240,한샘,2024-07-12,61300,56000,61700,0.094642857,0.101785714,951946,"<b>한샘 (009240) </b><b>매수로 의견 상향. 구조적 원가율 개선 사이클이 기대된다 </b>투자의견 Buy로 상향. 목표주가 77,000원 한샘에 대해 목표주가 77,000원을 제시하고 투자의견을 Buy로 상향한다. 목표주가는 DCF 방식으로 산출하였으며 12개월 선행 기준 P/E 26.5배 (자기주식 고려 시 18.7배), P/B 5.3배 (자기주식 고려 시 3.7배) 수준이다. 당분간 실적 및 주가 변동성이 클 수 있다. 그러나 1) 회사를 둘러싼 영업환경이 최악의 구간을 벗어나기 시작하는 가운데 2) 단품 리모델링 시장에서의 경쟁력 회복 → 구조적 원가율 개선 → 중기적 이익 성장이 가능할 것으로 판단한다. 조금 긴 호흡에서 회사의 변화를 지켜볼 만 하다. 서울 일부 지역에 집중되었던 국지적 주택 가격 상승이 보다 넓은 지역으로 확산되는 가운데 장기간 부진했던 매매거래량이 상승하기 시작했다. 아울러 주요 원재료 가격 역시 안정화되는 추세다. 한샘 입장에서는 최악을 벗어나 우호적인 환경이 조성되기 시작하였다고 볼 수 있다. 관건은 최악을 벗어나는 환경 속에서 회사가 무엇을 보여줄 수 있느냐다. 과거 주가 상승기의 핵심 동인이 외형, 이익 동반성장이었다면 이번에는 구조적 원가율 개선에 따른 이익 성장이 중요 포인트가 될 전망이다. 외형 성장은 제한적이겠으나 수익성 높은 리모델링 단품 (부엌, 화장실)에 대한 집중으로 매출 믹스가 변화하면서 원가율의 의미 있는 회복이 가능하다는 판단이다. 2011년 ~ 2017년 69%~71% 사이를 유지하던 한샘의 원가율은 2018년 73.5%를 기록한 뒤 2022년과 2023년에는 78%까지 악화되었다. 2018년은 한샘이 리하우스 패키지를 출범하고 기존 단품공사 보다 패키지 시공을 집중적으로 육성하기 시작한 원년이다. 단품공사의 매출 비중 감소와 원가율 악화가 연관성 높은 흐름을 보인다. 패키지 집중을 통해 외형을 쫓았지만 수익성이 높은 기존 단품공사에서의 경쟁력을 잃으면서 원가율이 구조적으로 상승했던 것으로 판단된다. 매매거래량 상승에 기반한 한샘 주식 매수전략은 구태의연하다. 위축된 소비심리, 높아진 주택가격을 감안하면 매매거래량 증가가 패키지 공사 수요 증가로 이어질 것인지 확신하기 어렵기 때문이다. 따라서 건당 규모는 작지만 수익성 높은 리모델링 단품 (부엌, 화장실)에서의 시장지배력을 회복하겠다는 한샘의 최근 전술 변화는 시의적절해 보인다. 개선되는 여건 속 적절한 방향성을 수립한 만큼 긍정적인 변화의 가능성이 높다는 판단이다. <b>I. 최악을 벗어나는 외부 환경. 이번에는 무엇을 보여줄까 </b>2013년 초 4,400억원에 불과했던 한샘의 시가총액은 2015년 9월 7.7조원까지 증가하며 17배가 넘는 상승을 보여준 바 있다. 이 시기는 글로벌 금융위기 이후 지방에서 시장 된 주택시장 회복이 전국적으로 확산되면서 아파트 매매거래량과 가격상승이 동시에 나타난 주택 호황기였다. 긍정적인 외부 환경 속에서 외형과 이익의 동반 성장을 보여준 한샘의 주가 상승이 가팔랐던 것이다. 서초, 강남 등 서울 일부 지역에만 집중되어 나타나던 국지적 주택 가격 상승이 최근 들어 보다 넓은 지역으로 확산되는 가운데 장기간 부진했던 매매거래량 역시 상승하기 시작했다. 최근의 상승은 서울의 중기적인 공급 부족 가능성을 바탕으로 이루어지고 있고 서울의 공급이 단기에 급증하기 어려워 당분간 지속될 가능성이 높다는 것이 KB증권의 판단이다. 아울러 PB (Particle Board), MDF (Medium Density Fiberboard) 등 한샘의 주요 원재료 가격 역시 안정화되는 추세인데 한샘 입장에서는 최악을 벗어나 우호적인 환경이 조성되기 시작하였다고 볼 수 있다 <b>II. 이번엔 구조적 원가율 개선 사이클이 핵심 </b>관건은 최악을 벗어나는 환경 속에서 회사가 무엇을 보여줄 수 있느냐다. 과거 주가 상승기의 핵심 동인이 외형, 이익 동반성장이었다면 이번에는 구조적 원가율 개선에 따른 이익 성장이 중요 포인트가 될 전망이다. 당분간 외형 성장은 제한적으로 이뤄지겠으나 수익성 높은 리모델링 단품 (부엌, 화장실)에 대한 집중으로 매출 믹스가 변화하면서 원가율의 의미 있는 회복이 가능하다고 판단되기 때문이다. 2011년 ~ 2017년 69%~71% 사이를 유지하던 한샘의 원가율은 2018년 73.5%를 기록한 뒤 2022년과 2023년에는 78%까지 악화되었다. 2018년은 한샘이 리하우스 패키지를 출범하고 기존 단품공사 보다 패키지 시공을 집중적으로 육성하기 시작한 원년이다. 단품공사의 매출 비중 감소와 원가율 악화가 연관성 높은 흐름을 보인다. 패키지 집중을 통해 외형을 쫓았지만 수익성이 높은 기존 단품공사에서의 경쟁력을 잃으면서 원가율이 구조적으로 상승했던 것으로 판단된다. 원래 한샘은 1970년 부엌가구 전문회사로 출발하여 존재감을 키워온 회사다. 부엌과 같은 단품 리모델링의 경우 역사도 깊고 규격화가 상대적으로 용이하여 한샘의 캐쉬카우 역할을 해주었던 것으로 판단된다. 고도성장기 였던 2013~2015년의 경우 단품 리모델링의 비중이 전사 기준 20% 이상, 리모델링 부문 기준 50% 이상이 유지되면서 외형과 이익의 동반 성장이 가능했다. 매매거래량 상승에 기반한 한샘 주식 매수전략은 구태의연하다. 위축된 소비심리, 높아진 주택가격 등을 감안하면 매매거래량 증가가 패키지 공사 수요 증가로 이어질 것인지 확신하기 어렵기 때문이다. 따라서 건당 규모는 작지만 수익성 높은 리모델링 단품 (부엌, 화장실)에서의 시장지배력을 회복하겠다는 한샘의 최근 전술 변화는 시의적절해 보인다. 개선되는 여건 속 적절한 방향성을 수립한 만큼 긍정적인 변화의 가능성이 높다는 판단이다. KB증권이 한샘을 기존과 다르게 보게 된 주요한 이유다. <b>III. 실적 전망 및 밸류에이션 </b>한샘에 대해 목표주가 77,000원을 제시하고 투자의견을 Buy로 상향한다. 목표주가는 DCF 방식으로 산출하였으며 12개월 선행 기준 P/E 26.5배 (자기주식 고려 시 18.7배), P/B 5.3배 (자기주식 고려 시 3.7배) 수준이다. 당분간 실적 및 주가 변동성이 클 수 있지만 1) 회사를 둘러싼 영업환경이 최악의 구간을 벗어나기 시작하는 가운데 2) 단품 리모델링 시장에서의 경쟁력 회복 → 구조적 원가율 개선 → 중기적 이익 성장이 가능할 것으로 판단하여 투자의견을 상향하였다. ",3132
337930,브랜드엑스코퍼레이션,2024-07-10,8520,8310,9140,0.025270758,0.099879663,951951,"<b>브랜드엑스코퍼레이션(337930) </b><b>젝시믹스가 이끄는 K-애슬레저 열풍 </b>동사는 애슬레저 브랜드 젝시믹스 사업이 매출의 주를 이루고 있으며, 최근 젝시믹스가 국내 시장 내 공고한 입지를 바탕으로 해외 시장 진출을 본격화하고 있는 점을 주목. 7월 오프라인 매장 오픈을 시작한 중국은 기대 이상의 성과를 보이고 있는 것으로 파악되며, 제품 경쟁력과 동사에 우호적으로 변화한 최근 소비 트렌드에 맞춰 글로벌 시장 내 K-애슬레저 열풍을 이끌 것으로 전망 <b> 젝시믹스: 높아진 글로벌 브랜드 가능성 </b>애슬레저 브랜드 젝시믹스 사업이 동사 매출의 주를 이루고 있으며, 최근 여성 레깅스 외에 골프, 멘즈, 비즈니스 캐주얼 등으로 제품 라인업을 확장하고 있다. 젝시믹스는 디자인 및 소재 경쟁력, 꾸준한 신제품 출시 등을 통해 국내 애슬레저 시장 내 입지를 공고히 했다. 최근 아시아를 중심으로 해외 진출을 본격화하고 있으며, 제품 경쟁력 및 소비 트렌드 변화에 맞춰 동사의 글로벌 시장 내 입지도 빠르게 올라올 것으로 전망한다. 일본과 중국 등 아시아 시장 내 여성 스포츠 인구가 빠르게 증가하고 있으며, 대형 브랜드에 치우치기보다 디자인 만족도 및 편안함을 추구하는 가성비 소비로 트렌드가 변화하고 있다는 점도 동사에게 우호적이다. 해당 국가 내 경쟁력 있는 로컬 브랜드가 없다는 점 또한 동사를 통한 K-애슬레저 열풍이 가능하다고 판단하는 요인이다. <b> 2분기 매출액 672억원, 영업이익 82억원 전망 </b>동사는 2분기 실적은 매출액 672억원(YoY 13%), 영업이익 82억원(YoY 26%)을 전망한다. 3분기 중국 매장 출점 본격화을 앞두고 관련 매출이 선제적으로 반영되었을 것으로 판단되며, 골프 및 멘즈 등 신규 카테고리 부문의 판매량 증가도 실적 성장에 기여한 것으로 파악된다. 또한, 우먼스 레깅스 등 기존 주력 제품의 성장세도 주목한다. 신제품 출시 등을 통해 올해 상반기 높은 성장률을 유지한 것으로 예상하며, 해당 카테고리가 국내 시장 내 성장 여력이 여전히 크다는 점을 증명할 것으로 기대한다. 동사 24년 실적은 매출액 2,721억원(YoY 17%), 영업이익 271억원(YoY 49%)을 전망한다. <b> 중국 진출 본격화, 기업가치 제고 필요 </b>YY스포츠(중국 최대 스포츠 유통 업체)를 통한 중국 매장 출점을 본격화함에 따라, 투자자 관심도가 최근 오픈한 중국 매장 성과에 주목되고 있다. 창춘 1호점의 오픈 당일 일 매출 약 2,000만원에 이어 텐진 2호점 또한 높은 성과를 보인 것으로 파악된다. 1선 도시 중심으로 8월에도 매장 오픈이 지속되며, 초기 성과 및 YY스포츠 유통망을 바탕으로 25년까지 100개 이상의 매장이 오픈할 것으로 전망한다. 동사 주가는 해외 시장 성과를 보수적으로 반영한 이익 추정치 기반으로도 25년 PER 8.3배로, 아시아 애슬레저 시장 선도 업체로의 기업가치 재평가가 필요할 것으로 판단된다. ",1456
3230,삼양식품,2024-07-11,630000,619000,675000,0.017770598,0.090468498,952080,"<b>강은지 </b><b>삼양식품(003230) </b><b>성장은 이제 시작 </b>북미 1등 라면 업체보다도 높은 영업이익률: 삼양식품에 대해 투자의견 매수, 목표주가 77만원을 제시하며 분석을 개시한다. 목표주가는 12MF EPS 38,624원에 Target PER 20.0배를 적용해 산출했다. 삼양식품의 2024년 실적을 매출액 1조 5,926억원(+33.5% YoY), 영업이익 3,191억원(+116.3% YoY, OPM 20.0%)으로 전망한다. 삼양식품은 글로벌 경쟁사(농심, Toyo Suisan, Nissin Foods) 대비 월등히 높은 영업이익률과 가파른 성장세를 보여주고 있기 때문에 경쟁사 12MF PER 평균 16.8배 대비 높은 Target PER 적용은 타당하다. 매운맛을 소비하는 경험에 익숙해지는 GenZ: 미국 라면 시장은 2023년 26.9억달러에서 2026년 36.0억달러까지 연평균 6.0% 성장할 전망이다. GenZ들이 소셜 미디어를 통해 매운맛에 익숙해지고 있고 매운맛을 즐겨먹는 히스패닉 인구가 증가하고 있기 때문이다. 또한 라면은 패스트푸드나 다른 가공식품 대비 저렴한 가격에 한 끼 식사를 해결할 수 있기 때문에 가성비가 중요한 GenZ들에게 매력적인 식사 메뉴다. 삼양식품 또한 틱톡 등 바이럴 마케팅을 통해 미국 내 불닭볶음면 인지도가 상승하고 매운맛에 대한 GenZ의 인식이 변화하며 미국 법인 매출액 비중이 2022년 6.9%, 2023년 13.4%에서 1Q24 19.4%까지 증가했다. 밀양 2공장은 2025년부터: 삼양식품은 불닭볶음면 잔여 생산능력이 충분하지 않은 상황에서 ASP와 마진이 높은 수출 물량을 중점적으로 생산하고 있다. 그러나 수출 물량 확대에도 불구하고 미국에서는 여전히 불닭볶음면 품귀 현상이 이어지고 있다. 가성비, 매운맛, 소비를 통한 즐거운 경험 추구 등 GenZ들의 소비 성향과 일치하는 불닭볶음면의 특성을 고려 시 불닭볶음면 수요는 지속 가능할 전망이다. 삼양식품은 월마트와 코스트코 일부 매장을 제외하고는 미국 주요 유통 채널에 입점이 완료되지 않았기 때문에 2025년 상반기 밀양 2공장 가동 이후 본격적인 공급 확대가 가능할 것이다. 밀양 2공장 완공 이후 삼양식품의 면/스낵 CAPA는 17.6억개에서 24.3억개까지 약 38.2% 증가할 전망이다. ",1146
257720,실리콘투,2024-07-11,48400,46050,50100,0.051031488,0.087947883,952077,"<b>실리콘투(257720) </b><b>실리콘투를 키운 건 GenZ의 마음 </b>모방과 FOMO로 예뻐지는 GenZ: 코로나19를 기점으로 글로벌 GenZ들이 사회생활을 하기 시작하면서 본격적으로 돈을 쓰기 시작했다. 과거의 젊은 세대와 비교했을 때, GenZ들은 나를 위한 소비를 더 많이 한다. 특히 한국 생활 소비재 기업한테 중요한 시장인 미국 GneZ들은 인플루언서처럼 예뻐지고 싶은 마음(모방 소비)과 또래들의 유행에서 뒤쳐지는 걸 무서워하는 심리(FOMO)를 느끼며, 화장품을 구매하고 있다. 특히 기존에 미국 시장에서 주목받지 못했던 코로나19를 기점으로 스킨케어 산업이 성장을 보이기 시작했는데, 그 중심에서 예뻐지고 싶은 GenZ가 있다고 판단한다. GenZ의 K뷰티 선호는 높아질 전망: 한국 화장품이 가성비 경쟁력을 가진 점도 맞지만, 맞춤형 화장품 수준으로 다양한 제품을 보유하고 있다는 점이 가장 큰 경쟁력이다. 다만, GenZ가 향후 어떠한 한국 브랜드를 선호할지 알기가 어렵고, 그 브랜드의 인기 수명 또한 예측하기 어렵다. 인기가 있는 한국 화장품을 미국 등 글로벌 소비자에게 유통하는 실리콘투가 주목받을 수 있는 이유다. 미국 뿐 아니라 서구권/중동에서도 기존에 주목받지 못했던 스킨케어 산업이 GenZ 중심으로 성장하고 있다. 하반기에는 미국을 넘어 유럽, 베트남, 그리고 중동에서 K뷰티의 인기 상승이 눈에 띌 걸로 판단한다. <b>목표주가를 </b>60,000원으로 상향 조정: 실리콘투에 대하여 목표주가를 기존 51,000원에서 60,000원으로 17.6% 상향한다. 미국의 일부 소비재 기업(콘아그라 등)들의 최근 발표된 실적의 부진과 함께 부정적인 전망 코멘트, 그리고 섹터로테이션 등이 겹치면서 최근 실리콘투의 주가는 부진했다. 주가는 다소 쉬어 갔지만, 글로벌에서 한국 화장품의 인기는 꾸준히 높아지고 있다. 이를 반영하여 24/25년 실적 추정을 상향했다(표 8). 지난 9월 미국에서 바이트댄스는 틱톡의 주된 사용자인 GenZ의 소비 증가를 반영하여 틱톡샵을 공식 런칭했다. 이제 GenZ들은 아마존 뿐 아니라 틱톡 등 다양한 곳에서 화장품을 구매한다. 중소셀러의 증가로 이어지는 미국 내 유통 채널의 다변화는 다양한 한국 브랜드를 직매입하여 소량으로 고객한테(ex. 소매 유통사) 판매하는 실리콘투한테 긍정적이다. <b>틱톡이 끌고, 아마존은 밀고 </b>코로나19를 기점으로 GenZ 소득이 늘어남과 동시에, 미국의 온라인 산업은 빠르게 성장했다. 미국 뿐 아니라 글로벌 GenZ들은 화장품 구매 시 인플루언서의 영향을 많이 받고 있는데, 이는 자연스럽게 소셜커머스(SNS를 통한 구매) 시장의 성장으로 이어지고 있다. 바이트댄스가 미국에서 틱톡샵을 작년 9월 공식적으로 오픈한 이유이다. 인스타그램 및 틱톡이 이끄는 소셜커머스 시장의 성장은 미국 온라인 산업 내 중소 셀러의 증가 요인이다. 미국 온라인 산업 내 유통 채널의 다양화와 중소 셀러의 증가는 다양한 한국 화장품을 다양한 수량으로 제공할 수 있는 실리콘투한테 매우 긍정적이다. 2023년 기준 소매시장 내 미국 온라인 산업의 비중은 17%로, 한국의 36% 대비 여전히 낮다. 아마존과 월마트 등 빅리테일러 뿐 아니라 틱톡과 인스타그램 등 SNS가 이끄는 미국 온라인과 화장품 산업의 성장을 고려 했을 때, 실리콘투의 미국 물류센터 확장은 필요한 선택이었다. <b>GenZ는 어디에나 있다 </b>미국을 넘어서 글로벌 전역에서 한국 화장품이 인기를 얻고 있다. 그 이면에는 미국과 마찬가지로 전세계 GenZ의 경제력 상승과 함께 기초 화장품에 대한 수요가 자리한다. 특히 미국을 포함한 서구권 화장품 산업에서 스킨케어가 차지하는 비중이 낮은데, 최근 젊은 세대 중심으로 피부 관리의 중요성에 대한 이해도가 높아지고 있다. 화장품 산업이 발달한 미국과 유럽에서도 한국의 기초 화장품 브랜드들이 높은 인기를 얻고 있는 이유다. 한국 문화가 세계적인 인기를 누리면서 기초 뿐 아니라 색조 제품 또한 큰 인기를 얻고 있다. 지난 1분기의 실리콘투의 실적에서 미국(+195.2% YoY)보다 높은 매출 증가를 보인 국가는 인도네시아(+278.9% YoY), 네덜란드(+523.6% YoY)이 있다. 한국 화장품의 글로벌적인 인기 상승을 고려 했을 때, 실리콘투의 추가적인 글로벌 확장 또한 기대할 만하다. 실리콘투는 한국 인디 브랜드 화장품을 다품종 소량으로 직매입하여 글로벌 소비자들에게 판매하는 화장품 전문 유통 기업여 미국의 아마존 등 기업 고객에게 납품하고 있음. 2023년 4분기 기준 해외 매출 비중은 93% 수준으로, 현재 미국, 말레",2271
90460,비에이치,2024-07-16,27150,25250,27350,0.075247525,0.083168317,952051,"<b>비에이치  (090460) </b><b>FPCB는 비에이치 외 대안이 없음 </b><b>고객사 내 압도적인 점유율 </b>투자의견과 목표주가를 유지한다. 기존과 같이 동사 10년 평균 12MF P/E인 7.5배를 적용했다. FPCB 점유율이 예상보다 더 높아진다는 점, 부정적인 부분은 고객사의 패널 점유율이 낮아질 가능성이 있다는 점이다. 긍·부정 요인을 감안한 매출 증분은 결론적으로 약 +1,000억원 내외일 것으로 추정된다. 추가적인 업사이드는 하반기 신규 iPhone 판매 호조 가능성과 중장기 AI PC 침투 확대다. ① FPCB 점유율 확대: 동사는 최소 9월까지 SDC향으로 신규 iPhone용 FPCB를 독점 공급하게 될 전망이다. 이로 인한 추가적은 매출 증분은 전년 대비 +2,000억원 내외로 추정된다. 경쟁사의 수율 정상화에 시간이 더 걸릴 경우 동사 실적은 추가 상향 조정될 여지가 있다. 사실상 FPCB 산업 내 대안이 없다. ② SDC 점유율 축소: 동사 고객사인 SDC의 iPhone용 OLED 패널 공급 점유율이 Apple향 패널 출하량을 1.3억대로 전망하는데, 이는 지난해 대비 약 1,500만대 역성장하는 것이다. 이로 인한 동사 매출 감소분은 전년 대비 1,000억원 내외일 것으로 추정한다. iPhone 16 시리즈에 대한 생산계획이 전년과 유사한 8,000만대 후반인 것으로 파악하고 있다. 다만, 생산 계획과 별개로 iPhone 판매량에 intelligence가 교체수요를 이끌 ④ AI PC와 FPCB: 태블릿/노트북 등 IT 제품에 대한 OLED 탑재율 확대는 중장기 모바일 대비 +2배 이상인 바, 향후 관심을 가져야할 새로운 투자포인트로 부각될 가능성이 높다. <b>전방 수요 견고함 </b>2Q24 실적은 매출 4,376원(+43% YoY%), 275억원으로(+184% YoY, 영업이익률 6.3%)으로 추정되어, 최근 상향 조정된 컨센서스를 소폭 상회할 것으로 보인다. 환율이 긍정적이고, FPCB 출하량도 예상보다 좋다. 신규 iPhone에 대한 FPCB 양산이 경쟁사의 수율 이슈로 빨라졌으며, 자연스럽게 점유율도 예상보다 더 높아졌고, 기존 레거시 모델 수요도 우려 대비 견조하다. BH EVS 역시 1Q24와 마찬가지로 HSD%의 수익성을 시현하며 계절성을 완화할 것으로 추정된다. ",1147
